# This file is generated on 06-Dec-2021 at 12:14:30 and contains for each site, each satellite, frequency:
# att_rain = attenuation due to rain (dB); hr = mean rain height above sea level (km); R001 = Rain rate for 0.01 percente time of average year; k = k factor for rain attenuation; alpha = alpha factor for rain attenuation.
# All parameters are computed by: ITU-R P.618-10 model.
# Attenuation due to clouds results are sorted acording to the site identification number:
#    _ 1 = Ljubljana 37.5GHz (Lat = 4.6040e+01 deg, Lon = 1.4512e+01 deg, Alt = 2.9800e-01 km)
# Stored values are organised as follow:
Site_number,Satellite_number,Frequency_GHz,Elevation_angle_deg,Elevation_probability,Time_exceeded_%,hr_km,R001_mm_h,k,alpha,att_rain_dB
1, 1, 3.7500e+01, 5.5000e+01, 1.0000e+00, 1.0000e-02, 3.2914e+00, 4.8948e+01, 3.8160e-01, 8.7222e-01, 5.0138e+01
1, 1, 3.7500e+01, 5.5000e+01, 1.0000e+00, 1.6000e-02, 3.2914e+00, 4.8948e+01, 3.8160e-01, 8.7222e-01, 4.2685e+01
1, 1, 3.7500e+01, 5.5000e+01, 1.0000e+00, 2.7000e-02, 3.2914e+00, 4.8948e+01, 3.8160e-01, 8.7222e-01, 3.5078e+01
1, 1, 3.7500e+01, 5.5000e+01, 1.0000e+00, 4.5000e-02, 3.2914e+00, 4.8948e+01, 3.8160e-01, 8.7222e-01, 2.8460e+01
1, 1, 3.7500e+01, 5.5000e+01, 1.0000e+00, 7.7000e-02, 3.2914e+00, 4.8948e+01, 3.8160e-01, 8.7222e-01, 2.2423e+01
1, 1, 3.7500e+01, 5.5000e+01, 1.0000e+00, 1.3000e-01, 3.2914e+00, 4.8948e+01, 3.8160e-01, 8.7222e-01, 1.7449e+01
1, 1, 3.7500e+01, 5.5000e+01, 1.0000e+00, 2.1000e-01, 3.2914e+00, 4.8948e+01, 3.8160e-01, 8.7222e-01, 1.3650e+01
1, 1, 3.7500e+01, 5.5000e+01, 1.0000e+00, 3.5000e-01, 3.2914e+00, 4.8948e+01, 3.8160e-01, 8.7222e-01, 1.0335e+01
1, 1, 3.7500e+01, 5.5000e+01, 1.0000e+00, 6.0000e-01, 3.2914e+00, 4.8948e+01, 3.8160e-01, 8.7222e-01, 7.5631e+00
1, 1, 3.7500e+01, 5.5000e+01, 1.0000e+00, 9.5000e-01, 3.2914e+00, 4.8948e+01, 3.8160e-01, 8.7222e-01, 5.7083e+00
1, 1, 3.7500e+01, 5.5000e+01, 1.0000e+00, 1.7000e+00, 3.2914e+00, 4.8948e+01, 3.8160e-01, 8.7222e-01, 3.9182e+00
1, 1, 3.7500e+01, 5.5000e+01, 1.0000e+00, 3.0000e+00, 3.2914e+00, 4.8948e+01, 3.8160e-01, 8.7222e-01, 2.6560e+00
1, 1, 3.7500e+01, 5.5000e+01, 1.0000e+00, 5.1000e+00, 3.2914e+00, 4.8948e+01, 3.8160e-01, 8.7222e-01, 1.8118e+00
1, 1, 3.7500e+01, 5.5000e+01, 1.0000e+00, 8.3000e+00, 3.2914e+00, 4.8948e+01, 3.8160e-01, 8.7222e-01, 1.2547e+00
1, 1, 3.7500e+01, 5.5000e+01, 1.0000e+00, 1.2000e+01, 3.2914e+00, 4.8948e+01, 3.8160e-01, 8.7222e-01, 9.4026e-01
1, 1, 3.7500e+01, 5.5000e+01, 1.0000e+00, 1.9000e+01, 3.2914e+00, 4.8948e+01, 3.8160e-01, 8.7222e-01, 6.4803e-01
1, 1, 3.7500e+01, 5.5000e+01, 1.0000e+00, 3.0000e+01, 3.2914e+00, 4.8948e+01, 3.8160e-01, 8.7222e-01, 4.4150e-01
1, 1, 3.7500e+01, 5.5000e+01, 1.0000e+00, 4.5000e+01, 3.2914e+00, 4.8948e+01, 3.8160e-01, 8.7222e-01, 3.1043e-01
1, 1, 3.7500e+01, 5.5000e+01, 1.0000e+00, 6.0000e+01, 3.2914e+00, 4.8948e+01, 3.8160e-01, 8.7222e-01, 2.4020e-01
1, 1, 3.7500e+01, 5.5000e+01, 1.0000e+00, 8.0000e+01, 3.2914e+00, 4.8948e+01, 3.8160e-01, 8.7222e-01, 1.8485e-01
1, 1, 3.7500e+01, 5.5000e+01, 1.0000e+00, 9.8000e+01, 3.2914e+00, 4.8948e+01, 3.8160e-01, 8.7222e-01, 1.5316e-01
1, 2, 3.7500e+01, 6.0000e+01, 1.0000e+00, 1.0000e-02, 3.2914e+00, 4.8948e+01, 3.8160e-01, 8.7222e-01, 4.9912e+01
1, 2, 3.7500e+01, 6.0000e+01, 1.0000e+00, 1.6000e-02, 3.2914e+00, 4.8948e+01, 3.8160e-01, 8.7222e-01, 4.2489e+01
1, 2, 3.7500e+01, 6.0000e+01, 1.0000e+00, 2.7000e-02, 3.2914e+00, 4.8948e+01, 3.8160e-01, 8.7222e-01, 3.4912e+01
1, 2, 3.7500e+01, 6.0000e+01, 1.0000e+00, 4.5000e-02, 3.2914e+00, 4.8948e+01, 3.8160e-01, 8.7222e-01, 2.8323e+01
1, 2, 3.7500e+01, 6.0000e+01, 1.0000e+00, 7.7000e-02, 3.2914e+00, 4.8948e+01, 3.8160e-01, 8.7222e-01, 2.2312e+01
1, 2, 3.7500e+01, 6.0000e+01, 1.0000e+00, 1.3000e-01, 3.2914e+00, 4.8948e+01, 3.8160e-01, 8.7222e-01, 1.7361e+01
1, 2, 3.7500e+01, 6.0000e+01, 1.0000e+00, 2.1000e-01, 3.2914e+00, 4.8948e+01, 3.8160e-01, 8.7222e-01, 1.3580e+01
1, 2, 3.7500e+01, 6.0000e+01, 1.0000e+00, 3.5000e-01, 3.2914e+00, 4.8948e+01, 3.8160e-01, 8.7222e-01, 1.0281e+01
1, 2, 3.7500e+01, 6.0000e+01, 1.0000e+00, 6.0000e-01, 3.2914e+00, 4.8948e+01, 3.8160e-01, 8.7222e-01, 7.5227e+00
1, 2, 3.7500e+01, 6.0000e+01, 1.0000e+00, 9.5000e-01, 3.2914e+00, 4.8948e+01, 3.8160e-01, 8.7222e-01, 5.6774e+00
1, 2, 3.7500e+01, 6.0000e+01, 1.0000e+00, 1.7000e+00, 3.2914e+00, 4.8948e+01, 3.8160e-01, 8.7222e-01, 3.8965e+00
1, 2, 3.7500e+01, 6.0000e+01, 1.0000e+00, 3.0000e+00, 3.2914e+00, 4.8948e+01, 3.8160e-01, 8.7222e-01, 2.6410e+00
1, 2, 3.7500e+01, 6.0000e+01, 1.0000e+00, 5.1000e+00, 3.2914e+00, 4.8948e+01, 3.8160e-01, 8.7222e-01, 1.8014e+00
1, 2, 3.7500e+01, 6.0000e+01, 1.0000e+00, 8.3000e+00, 3.2914e+00, 4.8948e+01, 3.8160e-01, 8.7222e-01, 1.2474e+00
1, 2, 3.7500e+01, 6.0000e+01, 1.0000e+00, 1.2000e+01, 3.2914e+00, 4.8948e+01, 3.8160e-01, 8.7222e-01, 9.3467e-01
1, 2, 3.7500e+01, 6.0000e+01, 1.0000e+00, 1.9000e+01, 3.2914e+00, 4.8948e+01, 3.8160e-01, 8.7222e-01, 6.4413e-01
1, 2, 3.7500e+01, 6.0000e+01, 1.0000e+00, 3.0000e+01, 3.2914e+00, 4.8948e+01, 3.8160e-01, 8.7222e-01, 4.3879e-01
1, 2, 3.7500e+01, 6.0000e+01, 1.0000e+00, 4.5000e+01, 3.2914e+00, 4.8948e+01, 3.8160e-01, 8.7222e-01, 3.0850e-01
1, 2, 3.7500e+01, 6.0000e+01, 1.0000e+00, 6.0000e+01, 3.2914e+00, 4.8948e+01, 3.8160e-01, 8.7222e-01, 2.3870e-01
1, 2, 3.7500e+01, 6.0000e+01, 1.0000e+00, 8.0000e+01, 3.2914e+00, 4.8948e+01, 3.8160e-01, 8.7222e-01, 1.8368e-01
1, 2, 3.7500e+01, 6.0000e+01, 1.0000e+00, 9.8000e+01, 3.2914e+00, 4.8948e+01, 3.8160e-01, 8.7222e-01, 1.5218e-01
1, 3, 3.7500e+01, 6.5000e+01, 1.0000e+00, 1.0000e-02, 3.2914e+00, 4.8948e+01, 3.8160e-01, 8.7222e-01, 4.9945e+01
1, 3, 3.7500e+01, 6.5000e+01, 1.0000e+00, 1.6000e-02, 3.2914e+00, 4.8948e+01, 3.8160e-01, 8.7222e-01, 4.2518e+01
1, 3, 3.7500e+01, 6.5000e+01, 1.0000e+00, 2.7000e-02, 3.2914e+00, 4.8948e+01, 3.8160e-01, 8.7222e-01, 3.4937e+01
1, 3, 3.7500e+01, 6.5000e+01, 1.0000e+00, 4.5000e-02, 3.2914e+00, 4.8948e+01, 3.8160e-01, 8.7222e-01, 2.8343e+01
1, 3, 3.7500e+01, 6.5000e+01, 1.0000e+00, 7.7000e-02, 3.2914e+00, 4.8948e+01, 3.8160e-01, 8.7222e-01, 2.2329e+01
1, 3, 3.7500e+01, 6.5000e+01, 1.0000e+00, 1.3000e-01, 3.2914e+00, 4.8948e+01, 3.8160e-01, 8.7222e-01, 1.7374e+01
1, 3, 3.7500e+01, 6.5000e+01, 1.0000e+00, 2.1000e-01, 3.2914e+00, 4.8948e+01, 3.8160e-01, 8.7222e-01, 1.3590e+01
1, 3, 3.7500e+01, 6.5000e+01, 1.0000e+00, 3.5000e-01, 3.2914e+00, 4.8948e+01, 3.8160e-01, 8.7222e-01, 1.0289e+01
1, 3, 3.7500e+01, 6.5000e+01, 1.0000e+00, 6.0000e-01, 3.2914e+00, 4.8948e+01, 3.8160e-01, 8.7222e-01, 7.5286e+00
1, 3, 3.7500e+01, 6.5000e+01, 1.0000e+00, 9.5000e-01, 3.2914e+00, 4.8948e+01, 3.8160e-01, 8.7222e-01, 5.6819e+00
1, 3, 3.7500e+01, 6.5000e+01, 1.0000e+00, 1.7000e+00, 3.2914e+00, 4.8948e+01, 3.8160e-01, 8.7222e-01, 3.8997e+00
1, 3, 3.7500e+01, 6.5000e+01, 1.0000e+00, 3.0000e+00, 3.2914e+00, 4.8948e+01, 3.8160e-01, 8.7222e-01, 2.6432e+00
1, 3, 3.7500e+01, 6.5000e+01, 1.0000e+00, 5.1000e+00, 3.2914e+00, 4.8948e+01, 3.8160e-01, 8.7222e-01, 1.8029e+00
1, 3, 3.7500e+01, 6.5000e+01, 1.0000e+00, 8.3000e+00, 3.2914e+00, 4.8948e+01, 3.8160e-01, 8.7222e-01, 1.2484e+00
1, 3, 3.7500e+01, 6.5000e+01, 1.0000e+00, 1.2000e+01, 3.2914e+00, 4.8948e+01, 3.8160e-01, 8.7222e-01, 9.3549e-01
1, 3, 3.7500e+01, 6.5000e+01, 1.0000e+00, 1.9000e+01, 3.2914e+00, 4.8948e+01, 3.8160e-01, 8.7222e-01, 6.4470e-01
1, 3, 3.7500e+01, 6.5000e+01, 1.0000e+00, 3.0000e+01, 3.2914e+00, 4.8948e+01, 3.8160e-01, 8.7222e-01, 4.3919e-01
1, 3, 3.7500e+01, 6.5000e+01, 1.0000e+00, 4.5000e+01, 3.2914e+00, 4.8948e+01, 3.8160e-01, 8.7222e-01, 3.0878e-01
1, 3, 3.7500e+01, 6.5000e+01, 1.0000e+00, 6.0000e+01, 3.2914e+00, 4.8948e+01, 3.8160e-01, 8.7222e-01, 2.3892e-01
1, 3, 3.7500e+01, 6.5000e+01, 1.0000e+00, 8.0000e+01, 3.2914e+00, 4.8948e+01, 3.8160e-01, 8.7222e-01, 1.8385e-01
1, 3, 3.7500e+01, 6.5000e+01, 1.0000e+00, 9.8000e+01, 3.2914e+00, 4.8948e+01, 3.8160e-01, 8.7222e-01, 1.5233e-01
1, 4, 3.7500e+01, 7.0000e+01, 1.0000e+00, 1.0000e-02, 3.2914e+00, 4.8948e+01, 3.8160e-01, 8.7222e-01, 5.0118e+01
1, 4, 3.7500e+01, 7.0000e+01, 1.0000e+00, 1.6000e-02, 3.2914e+00, 4.8948e+01, 3.8160e-01, 8.7222e-01, 4.2668e+01
1, 4, 3.7500e+01, 7.0000e+01, 1.0000e+00, 2.7000e-02, 3.2914e+00, 4.8948e+01, 3.8160e-01, 8.7222e-01, 3.5063e+01
1, 4, 3.7500e+01, 7.0000e+01, 1.0000e+00, 4.5000e-02, 3.2914e+00, 4.8948e+01, 3.8160e-01, 8.7222e-01, 2.8448e+01
1, 4, 3.7500e+01, 7.0000e+01, 1.0000e+00, 7.7000e-02, 3.2914e+00, 4.8948e+01, 3.8160e-01, 8.7222e-01, 2.2413e+01
1, 4, 3.7500e+01, 7.0000e+01, 1.0000e+00, 1.3000e-01, 3.2914e+00, 4.8948e+01, 3.8160e-01, 8.7222e-01, 1.7441e+01
1, 4, 3.7500e+01, 7.0000e+01, 1.0000e+00, 2.1000e-01, 3.2914e+00, 4.8948e+01, 3.8160e-01, 8.7222e-01, 1.3644e+01
1, 4, 3.7500e+01, 7.0000e+01, 1.0000e+00, 3.5000e-01, 3.2914e+00, 4.8948e+01, 3.8160e-01, 8.7222e-01, 1.0330e+01
1, 4, 3.7500e+01, 7.0000e+01, 1.0000e+00, 6.0000e-01, 3.2914e+00, 4.8948e+01, 3.8160e-01, 8.7222e-01, 7.5595e+00
1, 4, 3.7500e+01, 7.0000e+01, 1.0000e+00, 9.5000e-01, 3.2914e+00, 4.8948e+01, 3.8160e-01, 8.7222e-01, 5.7056e+00
1, 4, 3.7500e+01, 7.0000e+01, 1.0000e+00, 1.7000e+00, 3.2914e+00, 4.8948e+01, 3.8160e-01, 8.7222e-01, 3.9163e+00
1, 4, 3.7500e+01, 7.0000e+01, 1.0000e+00, 3.0000e+00, 3.2914e+00, 4.8948e+01, 3.8160e-01, 8.7222e-01, 2.6547e+00
1, 4, 3.7500e+01, 7.0000e+01, 1.0000e+00, 5.1000e+00, 3.2914e+00, 4.8948e+01, 3.8160e-01, 8.7222e-01, 1.8109e+00
1, 4, 3.7500e+01, 7.0000e+01, 1.0000e+00, 8.3000e+00, 3.2914e+00, 4.8948e+01, 3.8160e-01, 8.7222e-01, 1.2541e+00
1, 4, 3.7500e+01, 7.0000e+01, 1.0000e+00, 1.2000e+01, 3.2914e+00, 4.8948e+01, 3.8160e-01, 8.7222e-01, 9.3977e-01
1, 4, 3.7500e+01, 7.0000e+01, 1.0000e+00, 1.9000e+01, 3.2914e+00, 4.8948e+01, 3.8160e-01, 8.7222e-01, 6.4769e-01
1, 4, 3.7500e+01, 7.0000e+01, 1.0000e+00, 3.0000e+01, 3.2914e+00, 4.8948e+01, 3.8160e-01, 8.7222e-01, 4.4126e-01
1, 4, 3.7500e+01, 7.0000e+01, 1.0000e+00, 4.5000e+01, 3.2914e+00, 4.8948e+01, 3.8160e-01, 8.7222e-01, 3.1026e-01
1, 4, 3.7500e+01, 7.0000e+01, 1.0000e+00, 6.0000e+01, 3.2914e+00, 4.8948e+01, 3.8160e-01, 8.7222e-01, 2.4007e-01
1, 4, 3.7500e+01, 7.0000e+01, 1.0000e+00, 8.0000e+01, 3.2914e+00, 4.8948e+01, 3.8160e-01, 8.7222e-01, 1.8475e-01
1, 4, 3.7500e+01, 7.0000e+01, 1.0000e+00, 9.8000e+01, 3.2914e+00, 4.8948e+01, 3.8160e-01, 8.7222e-01, 1.5307e-01
1, 5, 3.7500e+01, 7.5000e+01, 1.0000e+00, 1.0000e-02, 3.2914e+00, 4.8948e+01, 3.8160e-01, 8.7222e-01, 5.0260e+01
1, 5, 3.7500e+01, 7.5000e+01, 1.0000e+00, 1.6000e-02, 3.2914e+00, 4.8948e+01, 3.8160e-01, 8.7222e-01, 4.2792e+01
1, 5, 3.7500e+01, 7.5000e+01, 1.0000e+00, 2.7000e-02, 3.2914e+00, 4.8948e+01, 3.8160e-01, 8.7222e-01, 3.5167e+01
1, 5, 3.7500e+01, 7.5000e+01, 1.0000e+00, 4.5000e-02, 3.2914e+00, 4.8948e+01, 3.8160e-01, 8.7222e-01, 2.8534e+01
1, 5, 3.7500e+01, 7.5000e+01, 1.0000e+00, 7.7000e-02, 3.2914e+00, 4.8948e+01, 3.8160e-01, 8.7222e-01, 2.2482e+01
1, 5, 3.7500e+01, 7.5000e+01, 1.0000e+00, 1.3000e-01, 3.2914e+00, 4.8948e+01, 3.8160e-01, 8.7222e-01, 1.7496e+01
1, 5, 3.7500e+01, 7.5000e+01, 1.0000e+00, 2.1000e-01, 3.2914e+00, 4.8948e+01, 3.8160e-01, 8.7222e-01, 1.3688e+01
1, 5, 3.7500e+01, 7.5000e+01, 1.0000e+00, 3.5000e-01, 3.2914e+00, 4.8948e+01, 3.8160e-01, 8.7222e-01, 1.0364e+01
1, 5, 3.7500e+01, 7.5000e+01, 1.0000e+00, 6.0000e-01, 3.2914e+00, 4.8948e+01, 3.8160e-01, 8.7222e-01, 7.5849e+00
1, 5, 3.7500e+01, 7.5000e+01, 1.0000e+00, 9.5000e-01, 3.2914e+00, 4.8948e+01, 3.8160e-01, 8.7222e-01, 5.7251e+00
1, 5, 3.7500e+01, 7.5000e+01, 1.0000e+00, 1.7000e+00, 3.2914e+00, 4.8948e+01, 3.8160e-01, 8.7222e-01, 3.9300e+00
1, 5, 3.7500e+01, 7.5000e+01, 1.0000e+00, 3.0000e+00, 3.2914e+00, 4.8948e+01, 3.8160e-01, 8.7222e-01, 2.6641e+00
1, 5, 3.7500e+01, 7.5000e+01, 1.0000e+00, 5.1000e+00, 3.2914e+00, 4.8948e+01, 3.8160e-01, 8.7222e-01, 1.8175e+00
1, 5, 3.7500e+01, 7.5000e+01, 1.0000e+00, 8.3000e+00, 3.2914e+00, 4.8948e+01, 3.8160e-01, 8.7222e-01, 1.2587e+00
1, 5, 3.7500e+01, 7.5000e+01, 1.0000e+00, 1.2000e+01, 3.2914e+00, 4.8948e+01, 3.8160e-01, 8.7222e-01, 9.4328e-01
1, 5, 3.7500e+01, 7.5000e+01, 1.0000e+00, 1.9000e+01, 3.2914e+00, 4.8948e+01, 3.8160e-01, 8.7222e-01, 6.5015e-01
1, 5, 3.7500e+01, 7.5000e+01, 1.0000e+00, 3.0000e+01, 3.2914e+00, 4.8948e+01, 3.8160e-01, 8.7222e-01, 4.4296e-01
1, 5, 3.7500e+01, 7.5000e+01, 1.0000e+00, 4.5000e+01, 3.2914e+00, 4.8948e+01, 3.8160e-01, 8.7222e-01, 3.1147e-01
1, 5, 3.7500e+01, 7.5000e+01, 1.0000e+00, 6.0000e+01, 3.2914e+00, 4.8948e+01, 3.8160e-01, 8.7222e-01, 2.4102e-01
1, 5, 3.7500e+01, 7.5000e+01, 1.0000e+00, 8.0000e+01, 3.2914e+00, 4.8948e+01, 3.8160e-01, 8.7222e-01, 1.8548e-01
1, 5, 3.7500e+01, 7.5000e+01, 1.0000e+00, 9.8000e+01, 3.2914e+00, 4.8948e+01, 3.8160e-01, 8.7222e-01, 1.5369e-01
1, 6, 3.7500e+01, 8.0000e+01, 1.0000e+00, 1.0000e-02, 3.2914e+00, 4.8948e+01, 3.8160e-01, 8.7222e-01, 5.0133e+01
1, 6, 3.7500e+01, 8.0000e+01, 1.0000e+00, 1.6000e-02, 3.2914e+00, 4.8948e+01, 3.8160e-01, 8.7222e-01, 4.2682e+01
1, 6, 3.7500e+01, 8.0000e+01, 1.0000e+00, 2.7000e-02, 3.2914e+00, 4.8948e+01, 3.8160e-01, 8.7222e-01, 3.5074e+01
1, 6, 3.7500e+01, 8.0000e+01, 1.0000e+00, 4.5000e-02, 3.2914e+00, 4.8948e+01, 3.8160e-01, 8.7222e-01, 2.8457e+01
1, 6, 3.7500e+01, 8.0000e+01, 1.0000e+00, 7.7000e-02, 3.2914e+00, 4.8948e+01, 3.8160e-01, 8.7222e-01, 2.2421e+01
1, 6, 3.7500e+01, 8.0000e+01, 1.0000e+00, 1.3000e-01, 3.2914e+00, 4.8948e+01, 3.8160e-01, 8.7222e-01, 1.7447e+01
1, 6, 3.7500e+01, 8.0000e+01, 1.0000e+00, 2.1000e-01, 3.2914e+00, 4.8948e+01, 3.8160e-01, 8.7222e-01, 1.3649e+01
1, 6, 3.7500e+01, 8.0000e+01, 1.0000e+00, 3.5000e-01, 3.2914e+00, 4.8948e+01, 3.8160e-01, 8.7222e-01, 1.0334e+01
1, 6, 3.7500e+01, 8.0000e+01, 1.0000e+00, 6.0000e-01, 3.2914e+00, 4.8948e+01, 3.8160e-01, 8.7222e-01, 7.5623e+00
1, 6, 3.7500e+01, 8.0000e+01, 1.0000e+00, 9.5000e-01, 3.2914e+00, 4.8948e+01, 3.8160e-01, 8.7222e-01, 5.7077e+00
1, 6, 3.7500e+01, 8.0000e+01, 1.0000e+00, 1.7000e+00, 3.2914e+00, 4.8948e+01, 3.8160e-01, 8.7222e-01, 3.9178e+00
1, 6, 3.7500e+01, 8.0000e+01, 1.0000e+00, 3.0000e+00, 3.2914e+00, 4.8948e+01, 3.8160e-01, 8.7222e-01, 2.6557e+00
1, 6, 3.7500e+01, 8.0000e+01, 1.0000e+00, 5.1000e+00, 3.2914e+00, 4.8948e+01, 3.8160e-01, 8.7222e-01, 1.8116e+00
1, 6, 3.7500e+01, 8.0000e+01, 1.0000e+00, 8.3000e+00, 3.2914e+00, 4.8948e+01, 3.8160e-01, 8.7222e-01, 1.2546e+00
1, 6, 3.7500e+01, 8.0000e+01, 1.0000e+00, 1.2000e+01, 3.2914e+00, 4.8948e+01, 3.8160e-01, 8.7222e-01, 9.4015e-01
1, 6, 3.7500e+01, 8.0000e+01, 1.0000e+00, 1.9000e+01, 3.2914e+00, 4.8948e+01, 3.8160e-01, 8.7222e-01, 6.4796e-01
1, 6, 3.7500e+01, 8.0000e+01, 1.0000e+00, 3.0000e+01, 3.2914e+00, 4.8948e+01, 3.8160e-01, 8.7222e-01, 4.4144e-01
1, 6, 3.7500e+01, 8.0000e+01, 1.0000e+00, 4.5000e+01, 3.2914e+00, 4.8948e+01, 3.8160e-01, 8.7222e-01, 3.1039e-01
1, 6, 3.7500e+01, 8.0000e+01, 1.0000e+00, 6.0000e+01, 3.2914e+00, 4.8948e+01, 3.8160e-01, 8.7222e-01, 2.4017e-01
1, 6, 3.7500e+01, 8.0000e+01, 1.0000e+00, 8.0000e+01, 3.2914e+00, 4.8948e+01, 3.8160e-01, 8.7222e-01, 1.8482e-01
1, 6, 3.7500e+01, 8.0000e+01, 1.0000e+00, 9.8000e+01, 3.2914e+00, 4.8948e+01, 3.8160e-01, 8.7222e-01, 1.5314e-01
1, 7, 3.7500e+01, 8.5000e+01, 1.0000e+00, 1.0000e-02, 3.2914e+00, 4.8948e+01, 3.8160e-01, 8.7222e-01, 4.9533e+01
1, 7, 3.7500e+01, 8.5000e+01, 1.0000e+00, 1.6000e-02, 3.2914e+00, 4.8948e+01, 3.8160e-01, 8.7222e-01, 4.2159e+01
1, 7, 3.7500e+01, 8.5000e+01, 1.0000e+00, 2.7000e-02, 3.2914e+00, 4.8948e+01, 3.8160e-01, 8.7222e-01, 3.4635e+01
1, 7, 3.7500e+01, 8.5000e+01, 1.0000e+00, 4.5000e-02, 3.2914e+00, 4.8948e+01, 3.8160e-01, 8.7222e-01, 2.8093e+01
1, 7, 3.7500e+01, 8.5000e+01, 1.0000e+00, 7.7000e-02, 3.2914e+00, 4.8948e+01, 3.8160e-01, 8.7222e-01, 2.2127e+01
1, 7, 3.7500e+01, 8.5000e+01, 1.0000e+00, 1.3000e-01, 3.2914e+00, 4.8948e+01, 3.8160e-01, 8.7222e-01, 1.7214e+01
1, 7, 3.7500e+01, 8.5000e+01, 1.0000e+00, 2.1000e-01, 3.2914e+00, 4.8948e+01, 3.8160e-01, 8.7222e-01, 1.3463e+01
1, 7, 3.7500e+01, 8.5000e+01, 1.0000e+00, 3.5000e-01, 3.2914e+00, 4.8948e+01, 3.8160e-01, 8.7222e-01, 1.0190e+01
1, 7, 3.7500e+01, 8.5000e+01, 1.0000e+00, 6.0000e-01, 3.2914e+00, 4.8948e+01, 3.8160e-01, 8.7222e-01, 7.4551e+00
1, 7, 3.7500e+01, 8.5000e+01, 1.0000e+00, 9.5000e-01, 3.2914e+00, 4.8948e+01, 3.8160e-01, 8.7222e-01, 5.6254e+00
1, 7, 3.7500e+01, 8.5000e+01, 1.0000e+00, 1.7000e+00, 3.2914e+00, 4.8948e+01, 3.8160e-01, 8.7222e-01, 3.8601e+00
1, 7, 3.7500e+01, 8.5000e+01, 1.0000e+00, 3.0000e+00, 3.2914e+00, 4.8948e+01, 3.8160e-01, 8.7222e-01, 2.6158e+00
1, 7, 3.7500e+01, 8.5000e+01, 1.0000e+00, 5.1000e+00, 3.2914e+00, 4.8948e+01, 3.8160e-01, 8.7222e-01, 1.7839e+00
1, 7, 3.7500e+01, 8.5000e+01, 1.0000e+00, 8.3000e+00, 3.2914e+00, 4.8948e+01, 3.8160e-01, 8.7222e-01, 1.2350e+00
1, 7, 3.7500e+01, 8.5000e+01, 1.0000e+00, 1.2000e+01, 3.2914e+00, 4.8948e+01, 3.8160e-01, 8.7222e-01, 9.2532e-01
1, 7, 3.7500e+01, 8.5000e+01, 1.0000e+00, 1.9000e+01, 3.2914e+00, 4.8948e+01, 3.8160e-01, 8.7222e-01, 6.3758e-01
1, 7, 3.7500e+01, 8.5000e+01, 1.0000e+00, 3.0000e+01, 3.2914e+00, 4.8948e+01, 3.8160e-01, 8.7222e-01, 4.3426e-01
1, 7, 3.7500e+01, 8.5000e+01, 1.0000e+00, 4.5000e+01, 3.2914e+00, 4.8948e+01, 3.8160e-01, 8.7222e-01, 3.0528e-01
1, 7, 3.7500e+01, 8.5000e+01, 1.0000e+00, 6.0000e+01, 3.2914e+00, 4.8948e+01, 3.8160e-01, 8.7222e-01, 2.3618e-01
1, 7, 3.7500e+01, 8.5000e+01, 1.0000e+00, 8.0000e+01, 3.2914e+00, 4.8948e+01, 3.8160e-01, 8.7222e-01, 1.8172e-01
1, 7, 3.7500e+01, 8.5000e+01, 1.0000e+00, 9.8000e+01, 3.2914e+00, 4.8948e+01, 3.8160e-01, 8.7222e-01, 1.5055e-01
1, 8, 3.7500e+01, 8.7000e+01, 1.0000e+00, 1.0000e-02, 3.2914e+00, 4.8948e+01, 3.8160e-01, 8.7222e-01, 4.9254e+01
1, 8, 3.7500e+01, 8.7000e+01, 1.0000e+00, 1.6000e-02, 3.2914e+00, 4.8948e+01, 3.8160e-01, 8.7222e-01, 4.1917e+01
1, 8, 3.7500e+01, 8.7000e+01, 1.0000e+00, 2.7000e-02, 3.2914e+00, 4.8948e+01, 3.8160e-01, 8.7222e-01, 3.4432e+01
1, 8, 3.7500e+01, 8.7000e+01, 1.0000e+00, 4.5000e-02, 3.2914e+00, 4.8948e+01, 3.8160e-01, 8.7222e-01, 2.7925e+01
1, 8, 3.7500e+01, 8.7000e+01, 1.0000e+00, 7.7000e-02, 3.2914e+00, 4.8948e+01, 3.8160e-01, 8.7222e-01, 2.1992e+01
1, 8, 3.7500e+01, 8.7000e+01, 1.0000e+00, 1.3000e-01, 3.2914e+00, 4.8948e+01, 3.8160e-01, 8.7222e-01, 1.7106e+01
1, 8, 3.7500e+01, 8.7000e+01, 1.0000e+00, 2.1000e-01, 3.2914e+00, 4.8948e+01, 3.8160e-01, 8.7222e-01, 1.3377e+01
1, 8, 3.7500e+01, 8.7000e+01, 1.0000e+00, 3.5000e-01, 3.2914e+00, 4.8948e+01, 3.8160e-01, 8.7222e-01, 1.0124e+01
1, 8, 3.7500e+01, 8.7000e+01, 1.0000e+00, 6.0000e-01, 3.2914e+00, 4.8948e+01, 3.8160e-01, 8.7222e-01, 7.4055e+00
1, 8, 3.7500e+01, 8.7000e+01, 1.0000e+00, 9.5000e-01, 3.2914e+00, 4.8948e+01, 3.8160e-01, 8.7222e-01, 5.5873e+00
1, 8, 3.7500e+01, 8.7000e+01, 1.0000e+00, 1.7000e+00, 3.2914e+00, 4.8948e+01, 3.8160e-01, 8.7222e-01, 3.8334e+00
1, 8, 3.7500e+01, 8.7000e+01, 1.0000e+00, 3.0000e+00, 3.2914e+00, 4.8948e+01, 3.8160e-01, 8.7222e-01, 2.5973e+00
1, 8, 3.7500e+01, 8.7000e+01, 1.0000e+00, 5.1000e+00, 3.2914e+00, 4.8948e+01, 3.8160e-01, 8.7222e-01, 1.7710e+00
1, 8, 3.7500e+01, 8.7000e+01, 1.0000e+00, 8.3000e+00, 3.2914e+00, 4.8948e+01, 3.8160e-01, 8.7222e-01, 1.2260e+00
1, 8, 3.7500e+01, 8.7000e+01, 1.0000e+00, 1.2000e+01, 3.2914e+00, 4.8948e+01, 3.8160e-01, 8.7222e-01, 9.1846e-01
1, 8, 3.7500e+01, 8.7000e+01, 1.0000e+00, 1.9000e+01, 3.2914e+00, 4.8948e+01, 3.8160e-01, 8.7222e-01, 6.3278e-01
1, 8, 3.7500e+01, 8.7000e+01, 1.0000e+00, 3.0000e+01, 3.2914e+00, 4.8948e+01, 3.8160e-01, 8.7222e-01, 4.3095e-01
1, 8, 3.7500e+01, 8.7000e+01, 1.0000e+00, 4.5000e+01, 3.2914e+00, 4.8948e+01, 3.8160e-01, 8.7222e-01, 3.0291e-01
1, 8, 3.7500e+01, 8.7000e+01, 1.0000e+00, 6.0000e+01, 3.2914e+00, 4.8948e+01, 3.8160e-01, 8.7222e-01, 2.3433e-01
1, 8, 3.7500e+01, 8.7000e+01, 1.0000e+00, 8.0000e+01, 3.2914e+00, 4.8948e+01, 3.8160e-01, 8.7222e-01, 1.8029e-01
1, 8, 3.7500e+01, 8.7000e+01, 1.0000e+00, 9.8000e+01, 3.2914e+00, 4.8948e+01, 3.8160e-01, 8.7222e-01, 1.4936e-01
1, 9, 3.7500e+01, 8.9000e+01, 1.0000e+00, 1.0000e-02, 3.2914e+00, 4.8948e+01, 3.8160e-01, 8.7222e-01, 4.9456e+01
1, 9, 3.7500e+01, 8.9000e+01, 1.0000e+00, 1.6000e-02, 3.2914e+00, 4.8948e+01, 3.8160e-01, 8.7222e-01, 4.2093e+01
1, 9, 3.7500e+01, 8.9000e+01, 1.0000e+00, 2.7000e-02, 3.2914e+00, 4.8948e+01, 3.8160e-01, 8.7222e-01, 3.4579e+01
1, 9, 3.7500e+01, 8.9000e+01, 1.0000e+00, 4.5000e-02, 3.2914e+00, 4.8948e+01, 3.8160e-01, 8.7222e-01, 2.8047e+01
1, 9, 3.7500e+01, 8.9000e+01, 1.0000e+00, 7.7000e-02, 3.2914e+00, 4.8948e+01, 3.8160e-01, 8.7222e-01, 2.2090e+01
1, 9, 3.7500e+01, 8.9000e+01, 1.0000e+00, 1.3000e-01, 3.2914e+00, 4.8948e+01, 3.8160e-01, 8.7222e-01, 1.7184e+01
1, 9, 3.7500e+01, 8.9000e+01, 1.0000e+00, 2.1000e-01, 3.2914e+00, 4.8948e+01, 3.8160e-01, 8.7222e-01, 1.3439e+01
1, 9, 3.7500e+01, 8.9000e+01, 1.0000e+00, 3.5000e-01, 3.2914e+00, 4.8948e+01, 3.8160e-01, 8.7222e-01, 1.0172e+01
1, 9, 3.7500e+01, 8.9000e+01, 1.0000e+00, 6.0000e-01, 3.2914e+00, 4.8948e+01, 3.8160e-01, 8.7222e-01, 7.4414e+00
1, 9, 3.7500e+01, 8.9000e+01, 1.0000e+00, 9.5000e-01, 3.2914e+00, 4.8948e+01, 3.8160e-01, 8.7222e-01, 5.6149e+00
1, 9, 3.7500e+01, 8.9000e+01, 1.0000e+00, 1.7000e+00, 3.2914e+00, 4.8948e+01, 3.8160e-01, 8.7222e-01, 3.8527e+00
1, 9, 3.7500e+01, 8.9000e+01, 1.0000e+00, 3.0000e+00, 3.2914e+00, 4.8948e+01, 3.8160e-01, 8.7222e-01, 2.6107e+00
1, 9, 3.7500e+01, 8.9000e+01, 1.0000e+00, 5.1000e+00, 3.2914e+00, 4.8948e+01, 3.8160e-01, 8.7222e-01, 1.7803e+00
1, 9, 3.7500e+01, 8.9000e+01, 1.0000e+00, 8.3000e+00, 3.2914e+00, 4.8948e+01, 3.8160e-01, 8.7222e-01, 1.2326e+00
1, 9, 3.7500e+01, 8.9000e+01, 1.0000e+00, 1.2000e+01, 3.2914e+00, 4.8948e+01, 3.8160e-01, 8.7222e-01, 9.2343e-01
1, 9, 3.7500e+01, 8.9000e+01, 1.0000e+00, 1.9000e+01, 3.2914e+00, 4.8948e+01, 3.8160e-01, 8.7222e-01, 6.3626e-01
1, 9, 3.7500e+01, 8.9000e+01, 1.0000e+00, 3.0000e+01, 3.2914e+00, 4.8948e+01, 3.8160e-01, 8.7222e-01, 4.3335e-01
1, 9, 3.7500e+01, 8.9000e+01, 1.0000e+00, 4.5000e+01, 3.2914e+00, 4.8948e+01, 3.8160e-01, 8.7222e-01, 3.0463e-01
1, 9, 3.7500e+01, 8.9000e+01, 1.0000e+00, 6.0000e+01, 3.2914e+00, 4.8948e+01, 3.8160e-01, 8.7222e-01, 2.3567e-01
1, 9, 3.7500e+01, 8.9000e+01, 1.0000e+00, 8.0000e+01, 3.2914e+00, 4.8948e+01, 3.8160e-01, 8.7222e-01, 1.8133e-01
1, 9, 3.7500e+01, 8.9000e+01, 1.0000e+00, 9.8000e+01, 3.2914e+00, 4.8948e+01, 3.8160e-01, 8.7222e-01, 1.5022e-01
1, 10, 3.7500e+01, 8.9900e+01, 1.0000e+00, 1.0000e-02, 3.2914e+00, 4.8948e+01, 3.8160e-01, 8.7222e-01, 5.0900e+01
1, 10, 3.7500e+01, 8.9900e+01, 1.0000e+00, 1.6000e-02, 3.2914e+00, 4.8948e+01, 3.8160e-01, 8.7222e-01, 4.3348e+01
1, 10, 3.7500e+01, 8.9900e+01, 1.0000e+00, 2.7000e-02, 3.2914e+00, 4.8948e+01, 3.8160e-01, 8.7222e-01, 3.5634e+01
1, 10, 3.7500e+01, 8.9900e+01, 1.0000e+00, 4.5000e-02, 3.2914e+00, 4.8948e+01, 3.8160e-01, 8.7222e-01, 2.8922e+01
1, 10, 3.7500e+01, 8.9900e+01, 1.0000e+00, 7.7000e-02, 3.2914e+00, 4.8948e+01, 3.8160e-01, 8.7222e-01, 2.2795e+01
1, 10, 3.7500e+01, 8.9900e+01, 1.0000e+00, 1.3000e-01, 3.2914e+00, 4.8948e+01, 3.8160e-01, 8.7222e-01, 1.7745e+01
1, 10, 3.7500e+01, 8.9900e+01, 1.0000e+00, 2.1000e-01, 3.2914e+00, 4.8948e+01, 3.8160e-01, 8.7222e-01, 1.3886e+01
1, 10, 3.7500e+01, 8.9900e+01, 1.0000e+00, 3.5000e-01, 3.2914e+00, 4.8948e+01, 3.8160e-01, 8.7222e-01, 1.0517e+01
1, 10, 3.7500e+01, 8.9900e+01, 1.0000e+00, 6.0000e-01, 3.2914e+00, 4.8948e+01, 3.8160e-01, 8.7222e-01, 7.6994e+00
1, 10, 3.7500e+01, 8.9900e+01, 1.0000e+00, 9.5000e-01, 3.2914e+00, 4.8948e+01, 3.8160e-01, 8.7222e-01, 5.8130e+00
1, 10, 3.7500e+01, 8.9900e+01, 1.0000e+00, 1.7000e+00, 3.2914e+00, 4.8948e+01, 3.8160e-01, 8.7222e-01, 3.9917e+00
1, 10, 3.7500e+01, 8.9900e+01, 1.0000e+00, 3.0000e+00, 3.2914e+00, 4.8948e+01, 3.8160e-01, 8.7222e-01, 2.7068e+00
1, 10, 3.7500e+01, 8.9900e+01, 1.0000e+00, 5.1000e+00, 3.2914e+00, 4.8948e+01, 3.8160e-01, 8.7222e-01, 1.8471e+00
1, 10, 3.7500e+01, 8.9900e+01, 1.0000e+00, 8.3000e+00, 3.2914e+00, 4.8948e+01, 3.8160e-01, 8.7222e-01, 1.2796e+00
1, 10, 3.7500e+01, 8.9900e+01, 1.0000e+00, 1.2000e+01, 3.2914e+00, 4.8948e+01, 3.8160e-01, 8.7222e-01, 9.5915e-01
1, 10, 3.7500e+01, 8.9900e+01, 1.0000e+00, 1.9000e+01, 3.2914e+00, 4.8948e+01, 3.8160e-01, 8.7222e-01, 6.6126e-01
1, 10, 3.7500e+01, 8.9900e+01, 1.0000e+00, 3.0000e+01, 3.2914e+00, 4.8948e+01, 3.8160e-01, 8.7222e-01, 4.5065e-01
1, 10, 3.7500e+01, 8.9900e+01, 1.0000e+00, 4.5000e+01, 3.2914e+00, 4.8948e+01, 3.8160e-01, 8.7222e-01, 3.1695e-01
1, 10, 3.7500e+01, 8.9900e+01, 1.0000e+00, 6.0000e+01, 3.2914e+00, 4.8948e+01, 3.8160e-01, 8.7222e-01, 2.4529e-01
1, 10, 3.7500e+01, 8.9900e+01, 1.0000e+00, 8.0000e+01, 3.2914e+00, 4.8948e+01, 3.8160e-01, 8.7222e-01, 1.8880e-01
1, 10, 3.7500e+01, 8.9900e+01, 1.0000e+00, 9.8000e+01, 3.2914e+00, 4.8948e+01, 3.8160e-01, 8.7222e-01, 1.5646e-01
